shu_style,sku_id,XS,S,M,L,XL,XXL,seven,eight,nine,ten,eleven,twelve,seven_half,eight_half,nine_half,ten_half,eleven_half
0,0,10,57,41,82,46,13,78,77,68,84,33,68,59,74,22,41,93
1,1,68,56,24,81,42,66,23,84,82,43,86,41,42,5,72,22,53
2,2,44,80,20,32,96,77,28,79,21,29,6,93,26,14,37,84,52
3,3,78,81,3,3,33,98,1,99,96,75,68,69,14,23,32,54,66
4,4,55,57,80,15,76,6,30,100,30,93,32,28,68,75,51,38,44
5,5,39,77,52,69,99,66,74,99,46,25,49,40,21,51,93,87,18
6,6,17,67,96,11,37,40,37,44,95,67,66,74,3,1,64,77,24
7,7,78,60,14,76,92,84,59,84,83,22,6,17,92,0,66,13,61
8,8,91,8,75,92,25,18,79,40,42,34,70,3,17,39,36,57,2
9,9,68,7,62,34,11,85,94,15,11,87,46,27,73,32,12,55,69
10,10,62,62,34,100,43,27,83,25,23,75,22,12,81,1,29,9,8
11,11,98,96,73,61,30,68,82,80,14,39,15,98,51,82,7,70,43
12,12,1,49,84,39,19,3,54,15,38,45,69,21,54,39,51,91,2
13,13,7,27,56,51,62,30,62,40,84,39,44,33,40,18,10,83,92
14,14,29,71,53,13,64,17,30,86,50,78,38,67,21,2,38,55,42
15,15,91,47,59,73,61,24,80,74,58,2,84,48,9,22,41,27,16
16,16,26,20,19,95,17,11,65,26,2,33,24,71,50,50,88,92,21
17,17,7,84,43,28,14,30,79,89,58,82,28,24,73,67,69,49,66
18,18,82,5,17,76,56,90,53,25,58,60,80,80,98,29,79,35,42
19,19,56,51,33,62,66,58,91,67,93,36,94,70,43,32,64,72,11
20,20,66,76,95,9,55,56,40,88,95,56,16,68,11,34,23,67,46
21,21,18,94,71,42,46,20,52,3,25,3,21,3,60,20,95,79,3
22,22,31,11,53,19,6,69,32,80,16,26,7,60,54,48,27,90,72
23,23,42,40,99,57,79,48,49,86,31,3,41,52,86,8,14,10,16
24,24,33,39,42,71,58,34,15,46,8,97,17,95,84,11,22,65,37
25,25,60,13,99,58,92,73,78,48,42,35,19,8,58,82,39,60,21
26,26,63,41,71,59,97,36,99,80,65,92,52,55,38,35,29,35,56
27,27,7,65,31,93,52,78,87,24,0,83,95,15,47,10,88,79,4
28,28,62,44,63,13,10,93,45,55,6,15,69,58,58,45,9,62,32
29,29,10,95,10,25,42,85,31,95,40,99,37,44,85,91,58,97,2
30,30,61,70,11,9,80,72,14,11,29,6,73,2,91,76,33,24,33
31,31,1,23,96,76,29,15,61,29,20,73,91,58,12,65,1,14,85
32,32,51,95,94,7,9,3,38,25,77,97,68,32,75,53,61,70,74
33,33,93,98,19,76,63,61,70,19,45,85,78,2,17,7,3,57,88
34,34,10,6,70,86,3,50,7,74,40,31,29,70,10,93,96,96,50
35,35,30,37,20,54,26,28,22,10,13,90,60,82,52,71,3,7,86
36,36,0,30,11,77,98,63,72,12,2,24,16,86,70,1,80,40,88
37,37,36,54,36,51,39,25,13,81,83,28,49,25,89,11,25,41,32
38,38,4,42,51,33,11,61,11,78,7,88,3,2,85,76,33,77,93
39,39,53,0,8,87,76,58,87,57,54,57,53,55,23,72,71,86,94
40,40,64,13,55,6,52,1,82,61,38,42,61,80,91,51,3,34,73
41,41,65,87,85,44,93,25,60,91,40,48,70,72,44,9,54,34,99
42,42,70,20,61,82,92,7,41,27,55,79,26,30,0,31,4,83,91
43,43,18,70,37,3,8,49,6,28,45,72,45,94,24,26,8,2,5
44,44,64,94,59,31,57,40,95,30,68,8,53,98,4,21,49,37,84
45,45,48,36,98,80,23,76,4,12,63,91,64,9,8,80,18,92,98
46,46,73,96,48,58,4,12,47,5,20,21,35,76,86,75,86,11,42
47,47,1,99,77,91,5,50,83,15,14,90,42,23,56,39,74,54,3
48,48,23,45,56,32,79,47,22,95,1,25,63,59,36,22,28,67,36
49,49,63,67,18,20,76,97,93,74,3,66,98,59,52,72,60,54,58
50,50,76,87,60,80,65,60,44,31,70,41,43,87,45,58,40,56,32
51,51,98,32,4,46,36,5,3,63,5,3,7,46,79,50,48,63,49
52,52,35,90,81,11,89,70,66,21,43,96,39,49,61,66,2,82,62
53,53,61,96,57,89,4,86,44,62,71,44,48,14,17,83,36,94,37
54,54,100,40,69,17,100,45,35,26,79,83,45,64,64,11,83,72,66
55,55,47,64,63,92,28,8,24,86,20,10,89,20,79,94,40,28,72
56,56,48,78,94,78,17,6,51,8,32,100,99,76,60,54,87,100,11
57,57,89,29,26,44,50,58,31,82,30,27,41,80,8,39,59,50,60
58,58,7,84,61,76,55,74,72,76,94,70,20,31,27,19,89,17,6
59,59,91,41,39,3,66,21,63,89,40,70,82,14,35,78,88,13,40
60,60,0,71,73,55,8,19,41,98,47,57,91,63,51,85,72,92,24
61,61,29,39,77,43,77,39,60,65,35,7,89,99,7,10,40,57,17
62,62,48,79,33,92,55,82,76,74,88,82,38,99,22,44,10,25,55
63,63,85,91,33,5,99,8,21,13,56,88,20,39,98,98,71,60,41
64,64,57,48,49,78,17,70,41,87,3,51,67,83,65,50,93,64,24
65,65,43,49,31,35,16,69,13,13,85,26,6,91,19,84,8,28,57
66,66,82,10,76,46,30,69,79,29,17,72,2,17,96,21,80,89,23
67,67,81,90,94,27,71,1,52,4,0,16,16,57,78,45,45,47,68
68,68,24,25,31,28,70,33,99,77,58,21,71,24,22,9,4,41,54
69,69,70,35,68,42,73,55,23,3,87,38,36,85,59,35,36,59,71
70,70,68,15,38,33,88,42,1,32,85,57,89,33,84,15,7,75,22
71,71,10,99,50,45,73,27,22,69,6,39,73,22,31,83,65,100,85
72,72,57,72,35,65,81,7,63,45,86,84,87,31,32,35,97,80,56
73,73,95,75,8,67,30,36,59,96,30,25,40,31,33,88,54,91,72
74,74,59,19,65,93,63,16,76,37,40,3,53,76,49,68,46,46,12
75,75,54,59,88,11,15,76,39,51,31,2,84,61,47,21,72,16,94
76,76,57,27,66,97,11,89,82,59,73,22,21,89,19,70,99,29,14
77,77,15,42,100,39,47,47,18,52,30,7,36,98,60,12,22,44,56
78,78,14,91,65,1,73,61,71,97,64,40,11,83,88,37,98,37,4
79,79,71,46,60,72,97,47,42,76,55,3,34,1,30,72,5,20,73
80,80,15,9,83,56,3,18,52,41,73,24,24,86,22,58,74,82,66
81,81,25,22,73,79,73,27,70,28,60,92,82,28,25,90,75,40,94
82,82,42,22,77,8,13,92,54,87,55,44,19,9,100,92,13,54,52
83,83,88,83,35,42,52,55,74,58,2,58,70,98,42,97,41,37,21
84,84,53,8,92,0,95,26,18,47,51,0,88,49,20,72,65,64,8
85,85,56,8,98,47,27,32,7,37,1,75,50,89,46,29,26,9,93
86,86,44,67,84,8,74,2,60,92,6,3,11,68,17,89,24,46,58
87,87,17,64,2,45,46,55,65,91,100,3,13,72,44,100,82,46,65
88,88,61,4,53,25,56,16,24,9,81,87,47,20,15,16,94,49,51
89,89,66,98,92,61,69,66,74,53,26,22,85,17,24,55,77,25,81
90,90,61,89,58,48,41,7,85,14,90,95,58,82,96,78,14,9,93
91,91,95,29,34,65,41,6,85,16,2,96,42,92,43,26,79,3,56
92,92,6,40,55,90,51,92,18,55,86,24,10,6,89,70,18,9,89
93,93,27,47,56,60,9,33,99,39,96,92,34,68,50,8,26,30,93
94,94,84,59,95,96,47,67,25,79,31,15,69,41,23,99,3,90,33
95,95,86,26,22,34,72,4,74,85,40,46,91,52,52,20,2,99,16
96,96,51,52,12,13,66,32,70,10,82,5,36,7,82,13,92,40,50
97,97,90,3,56,22,39,14,15,7,81,75,88,19,10,53,12,93,1
98,98,21,16,58,36,94,68,7,3,22,10,53,76,33,84,63,11,16
99,99,17,18,57,7,62,57,89,43,60,80,76,6,100,23,99,77,14
100,100,97,79,5,46,67,33,2,70,62,28,45,71,29,46,40,74,47
101,101,24,1,72,6,21,43,79,78,16,33,71,70,38,24,41,65,31
102,102,14,71,78,74,10,42,75,41,16,78,25,91,6,65,22,61,98
103,103,70,73,84,12,14,4,65,99,35,4,7,36,89,95,33,83,37
104,104,52,77,46,39,2,79,35,21,91,42,41,73,70,9,40,82,89
105,105,45,38,41,38,46,17,33,26,8,33,85,34,95,3,91,60,19
106,106,49,77,64,61,45,88,36,91,79,39,47,17,19,39,18,91,17
107,107,76,26,46,9,9,79,12,68,24,58,83,41,43,3,34,25,55
108,108,80,90,24,27,92,15,65,25,70,70,46,18,56,10,79,98,69
109,109,30,69,43,52,71,61,99,4,80,31,10,37,81,68,80,64,58
110,110,22,72,70,44,18,47,66,85,45,21,72,17,89,94,19,60,3
111,111,91,69,15,93,80,72,53,74,83,100,61,76,89,63,63,10,85
112,112,16,95,59,62,3,40,52,70,61,19,71,10,41,13,28,3,14
113,113,57,27,93,43,74,45,49,84,82,60,59,79,63,65,82,5,9
114,114,4,98,62,15,79,99,66,61,28,80,74,70,33,97,42,81,7
115,115,25,21,82,4,80,16,75,56,17,38,65,89,58,36,37,34,91
116,116,78,62,95,24,77,78,94,17,96,93,19,93,97,59,77,88,25
117,117,15,90,87,83,19,65,99,63,65,5,67,21,92,66,56,42,31
118,118,78,93,87,20,67,49,5,81,11,90,67,89,32,23,49,52,72
119,119,2,25,69,3,94,34,91,14,30,68,61,24,8,38,32,73,46
120,120,72,78,39,15,20,55,46,98,4,18,62,48,79,23,27,23,58
121,121,27,61,11,88,73,16,15,78,54,82,5,58,18,81,17,46,30
122,122,91,43,64,17,92,21,78,98,99,7,15,51,4,10,11,45,14
123,123,34,17,17,6,50,15,95,59,57,89,27,30,34,11,8,15,14
124,124,13,14,41,4,94,41,52,25,5,5,24,77,21,58,100,73,48
125,125,0,20,31,20,68,1,48,35,96,55,24,79,49,66,69,74,34
126,126,28,36,0,18,94,64,71,71,22,67,43,48,31,87,17,23,74
127,127,46,72,73,40,93,29,12,35,41,100,96,98,61,83,91,90,82
128,128,35,57,70,9,34,38,86,78,37,22,26,43,44,15,97,69,16
129,129,50,94,28,84,78,43,6,1,87,72,26,39,20,48,0,24,47
130,130,98,71,73,72,53,68,64,62,85,64,25,24,91,19,30,44,25
131,131,58,96,58,96,57,64,58,92,16,66,57,10,50,3,50,24,13
132,132,84,33,5,64,7,28,13,71,94,49,40,94,5,55,47,22,82
133,133,43,16,89,7,7,59,35,46,52,98,15,91,71,52,3,30,16
134,134,18,79,99,62,7,43,33,95,17,9,26,88,79,64,67,46,74
135,135,48,33,77,16,6,58,12,92,49,35,91,56,56,0,16,17,85
136,136,36,83,14,88,77,99,86,56,96,60,37,35,4,80,47,56,49
137,137,94,70,45,33,49,86,17,19,58,63,93,70,34,5,100,65,39
138,138,74,12,47,41,25,1,66,46,71,92,25,66,43,26,36,48,87
139,139,14,79,24,73,61,73,26,10,63,84,17,0,84,3,42,47,81
140,140,63,60,16,94,75,89,49,19,56,97,2,35,29,87,68,20,99
141,141,88,74,40,66,31,97,72,41,78,62,18,83,17,5,72,48,69
142,142,83,23,97,98,83,75,37,84,68,86,16,41,3,73,62,71,35
143,143,44,47,23,24,82,99,93,69,63,53,54,86,46,26,78,88,93
144,144,3,77,54,49,24,10,20,46,41,3,8,87,37,29,7,29,11
145,145,15,3,87,9,69,38,76,46,70,53,18,39,8,95,37,4,37
146,146,16,12,66,19,87,5,27,56,77,78,20,73,61,54,15,83,30
147,147,72,12,100,31,94,98,25,89,5,1,16,20,25,79,70,78,98
148,148,16,81,96,28,5,81,2,82,18,79,72,69,39,71,63,30,82
149,149,20,20,89,15,22,82,66,21,37,29,12,48,74,94,26,43,47
150,150,74,23,6,3,74,32,96,89,10,24,78,62,53,66,72,97,74
151,151,29,81,59,65,99,36,45,48,41,38,56,46,67,14,72,85,16
152,152,63,19,90,16,27,33,95,22,56,30,89,93,66,25,84,25,56
153,153,11,22,88,83,19,79,99,6,92,98,13,8,78,81,13,18,97
154,154,21,91,4,57,14,9,65,74,91,44,16,55,97,75,90,57,70
155,155,94,17,75,62,76,18,9,62,93,23,28,21,34,60,34,64,99
156,156,78,24,11,32,55,65,98,77,36,91,75,50,80,28,13,4,15
157,157,81,85,92,29,12,53,49,19,74,14,46,77,32,93,81,92,16
158,158,25,56,69,36,75,32,78,43,33,19,64,45,40,94,4,7,56
159,159,28,45,0,88,66,71,54,68,44,22,3,53,15,67,96,37,47
160,160,99,48,69,9,77,43,87,81,68,13,94,45,1,4,79,24,37
161,161,94,77,90,74,44,73,59,7,85,85,28,81,99,26,77,68,28
162,162,94,19,41,70,86,68,1,80,10,77,78,8,63,42,63,53,79
163,163,25,83,27,20,32,96,83,39,4,46,74,98,37,7,3,68,79
164,164,66,0,41,76,44,83,24,5,44,78,22,87,98,33,20,17,82
165,165,63,52,82,85,22,46,89,12,39,15,88,94,8,89,19,11,89
166,166,63,28,1,69,22,28,91,56,73,23,83,46,25,40,20,19,8
167,167,44,48,75,34,7,34,78,42,23,52,27,96,26,83,1,78,77
168,168,0,45,65,85,98,61,78,3,74,4,7,12,48,71,4,12,25
169,169,67,71,17,35,62,24,67,78,40,41,1,50,10,23,19,48,42
170,170,25,41,52,99,93,27,36,72,38,48,71,26,97,22,82,62,70
171,171,46,2,99,95,76,74,23,76,75,93,49,21,27,51,53,87,68
172,172,27,16,43,11,64,95,42,11,84,94,16,67,68,64,25,83,55
173,173,30,49,30,61,72,67,83,5,38,69,1,20,94,17,65,54,71
174,174,44,10,30,86,78,98,66,35,69,25,3,44,48,42,15,92,24
175,175,49,78,91,4,79,92,77,29,75,39,89,25,38,48,4,8,66
176,176,41,29,60,19,34,99,6,39,48,10,30,87,2,63,41,28,13
177,177,74,74,8,46,89,40,55,81,79,62,95,74,4,14,9,36,22
178,178,41,30,80,60,85,27,80,99,6,86,39,43,14,80,4,17,59
179,179,85,70,54,42,80,36,25,30,51,28,22,80,60,43,100,95,89
180,180,91,13,39,99,31,0,66,79,16,24,66,85,21,39,42,28,10
181,181,32,22,78,22,24,60,25,76,99,79,92,94,92,36,23,25,58
182,182,1,80,67,16,77,23,59,97,4,64,92,4,35,5,73,88,39
183,183,18,70,75,98,88,31,79,92,62,12,9,77,30,89,95,27,14
184,184,97,73,39,60,92,26,49,20,95,33,18,37,13,3,42,9,95
185,185,34,36,69,40,6,96,83,54,89,100,52,96,66,89,11,93,17
186,186,40,59,35,37,32,41,34,76,79,82,13,15,18,82,36,32,77
187,187,65,97,38,95,56,35,95,14,55,94,61,83,45,43,67,49,0
188,188,40,89,30,29,54,39,10,35,40,57,42,29,44,59,74,2,17
189,189,76,43,31,72,40,49,89,3,4,34,51,93,46,53,82,75,98
190,190,58,44,4,9,44,62,58,32,49,63,75,34,40,29,69,36,24
191,191,24,95,84,28,30,43,34,69,85,68,61,98,14,21,68,20,76
192,192,29,6,51,28,90,69,62,11,58,40,15,42,23,23,85,50,89
193,193,4,38,75,86,24,35,44,40,72,81,55,66,69,70,45,22,57
194,194,22,83,78,45,80,81,14,75,78,91,42,87,21,58,51,35,16
195,195,90,73,64,51,24,80,83,4,1,57,48,27,28,22,97,43,16
196,196,49,83,9,96,90,29,1,13,26,82,54,95,93,32,38,29,73
197,197,11,12,78,92,62,12,2,89,48,10,8,20,33,6,22,84,82
198,198,79,99,72,50,84,68,55,58,58,37,88,39,14,49,71,81,12
199,199,79,28,65,63,95,1,90,25,50,56,18,70,2,25,1,27,15
200,200,16,47,1,81,84,74,11,4,19,60,90,92,14,91,19,95,69
201,201,90,81,8,7,41,53,52,35,54,86,29,65,22,86,94,86,27
202,202,20,5,34,90,53,35,24,56,15,22,92,51,88,6,87,6,61
203,203,7,4,88,60,95,12,65,15,77,68,31,66,34,96,30,9,73
204,204,30,68,9,50,54,75,58,53,44,56,65,96,45,57,20,52,56
205,205,73,30,94,72,34,63,66,93,50,56,16,19,45,16,49,6,11
206,206,63,40,53,39,87,31,99,65,70,23,43,30,93,40,35,80,85
207,207,61,31,77,25,7,21,25,37,42,71,35,11,36,7,18,69,80
208,208,90,27,67,35,52,87,44,52,16,60,67,81,38,61,17,36,13
209,209,61,37,62,61,42,25,16,30,29,61,27,97,32,5,25,52,25
210,210,84,87,29,100,36,30,48,81,96,56,80,68,69,57,10,1,11
211,211,81,86,56,79,57,41,54,59,50,65,83,65,22,92,98,95,17
212,212,85,76,85,65,2,85,65,93,54,71,9,75,52,74,47,90,20
213,213,86,59,56,58,50,51,10,1,88,74,81,5,30,1,23,88,68
214,214,49,2,23,49,50,83,60,3,15,65,96,3,100,99,20,54,68
215,215,30,45,98,7,93,1,45,16,58,93,54,52,71,68,4,54,41
216,216,60,63,88,32,52,65,41,41,47,4,47,54,13,74,47,23,94
217,217,39,76,45,68,100,45,34,28,19,74,25,72,64,74,18,76,70
218,218,33,91,12,64,32,74,85,63,22,6,84,4,97,71,30,97,3
219,219,8,78,60,70,64,23,93,3,59,65,53,20,78,99,14,5,25
220,220,0,90,25,87,2,81,82,37,85,9,83,10,56,16,99,73,44
221,221,60,59,47,46,16,78,27,16,47,44,14,20,18,1,10,27,41
222,222,73,23,21,71,56,69,89,11,84,83,10,31,36,86,21,28,75
223,223,52,10,24,66,51,4,46,97,12,54,49,4,83,58,86,81,51
224,224,31,29,8,63,52,64,44,65,42,97,68,32,7,95,10,31,88
225,225,60,48,51,97,46,66,71,87,25,78,10,65,71,52,55,42,86
226,226,22,47,84,68,52,20,93,24,66,77,55,79,30,30,68,72,39
227,227,14,31,5,81,94,10,84,67,24,93,27,54,32,18,2,65,45
228,228,18,59,98,96,20,12,88,59,1,3,48,74,96,19,14,23,67
229,229,91,22,4,42,32,23,42,17,16,17,25,44,67,47,69,15,93
230,230,74,96,54,36,41,61,47,90,55,53,86,53,71,12,55,88,54
231,231,44,93,26,34,7,1,66,37,40,73,10,49,32,60,26,64,6
232,232,69,92,53,4,95,99,10,62,49,22,50,92,2,24,83,86,75
233,233,98,61,17,62,79,92,68,57,12,7,62,71,83,80,28,22,69
234,234,3,27,29,6,9,53,5,9,0,22,4,59,36,40,6,43,3
235,235,48,80,32,72,93,53,59,81,65,83,53,86,73,31,36,20,61
236,236,43,91,15,90,57,8,2,30,52,41,58,96,95,23,80,87,6
237,237,47,34,31,69,47,7,4,5,63,28,32,38,46,17,80,48,1
238,238,26,17,65,11,51,100,14,18,84,76,75,8,76,97,37,59,32
239,239,79,34,0,72,62,25,6,68,38,9,36,8,71,37,12,29,78
240,240,97,94,28,95,85,93,29,83,19,70,70,68,7,33,57,46,10
241,241,79,92,70,17,13,23,86,27,31,71,28,3,15,48,73,69,75
242,242,49,59,1,22,1,1,19,15,61,75,71,2,75,25,67,68,63
243,243,71,59,20,32,47,34,9,63,64,89,64,25,99,41,100,44,67
244,244,90,23,33,52,31,83,22,84,100,65,8,96,7,39,27,10,68
245,245,13,3,70,62,39,97,17,43,64,96,49,50,39,54,84,42,21
246,246,46,61,58,62,5,94,69,26,64,95,78,83,55,30,10,76,28
247,247,1,60,64,48,41,71,22,49,79,5,15,21,93,48,31,73,83
248,248,21,40,71,90,36,67,95,13,85,55,42,53,3,61,59,86,15
249,249,68,87,10,28,79,13,95,50,45,23,44,77,84,37,22,58,68
250,250,100,30,99,68,54,81,30,31,79,77,94,31,64,82,92,23,53
251,251,30,22,61,4,61,26,67,4,63,77,30,100,74,91,23,64,38
252,252,89,31,2,61,58,21,55,41,67,51,83,83,22,93,34,1,77
253,253,38,49,23,22,98,94,78,51,48,23,46,46,37,41,51,27,57
254,254,34,39,53,86,36,19,56,31,39,29,4,98,51,96,53,30,65
255,255,38,54,50,17,40,10,40,45,87,42,23,61,41,75,15,76,5
256,256,69,67,64,23,86,91,78,30,19,34,27,42,10,6,85,42,7
257,257,21,9,34,84,55,48,9,32,56,24,27,41,25,73,92,26,36
258,258,35,59,36,37,96,61,45,89,24,96,73,77,19,22,94,3,18
259,259,97,17,52,15,63,45,36,28,37,72,52,37,17,30,82,7,61
260,260,76,77,12,98,42,80,13,83,46,59,69,74,55,3,18,6,92
261,261,80,49,20,6,34,74,83,36,33,97,78,23,23,85,5,25,59
262,262,62,12,61,7,17,32,41,38,17,64,17,47,61,5,19,68,7
263,263,76,13,27,91,95,83,35,98,7,25,32,87,29,87,38,42,98
264,264,71,31,89,19,47,78,88,91,97,90,38,32,15,76,8,93,80
265,265,90,46,48,59,49,63,54,98,11,40,99,6,28,66,60,21,35
266,266,20,14,42,76,78,65,12,61,70,56,1,43,22,30,54,34,75
267,267,10,28,56,81,39,77,68,83,50,44,50,44,32,23,5,27,47
268,268,58,73,26,93,60,18,42,80,6,84,67,50,11,25,87,48,87
269,269,0,63,67,79,64,6,26,80,88,52,83,79,15,72,24,66,87
270,270,4,78,49,5,27,71,37,71,10,0,11,90,33,71,61,41,70
271,271,74,36,15,25,50,54,85,65,11,22,90,27,40,24,37,72,21
272,272,100,40,32,9,27,71,55,0,63,11,23,32,83,42,85,58,62
273,273,96,70,5,46,90,35,1,95,66,15,87,22,3,69,23,3,3
274,274,70,32,86,9,39,61,4,61,64,69,64,91,3,37,3,80,96
275,275,2,31,38,8,78,47,12,19,70,43,62,76,27,75,49,18,58
276,276,55,42,90,45,61,20,30,33,65,70,51,89,7,84,44,5,61
277,277,92,79,92,19,5,31,9,29,21,79,87,61,32,93,20,48,43
278,278,43,78,66,74,4,36,53,20,72,5,20,59,23,13,9,44,58
279,279,100,79,35,89,35,24,48,20,34,52,67,83,79,80,96,67,53
280,280,80,58,80,87,17,80,55,15,34,98,100,58,74,47,55,92,82
281,281,13,10,15,84,22,62,79,9,97,60,84,34,62,53,59,29,67
282,282,53,4,65,85,95,75,38,78,76,22,65,27,37,23,18,65,30
283,283,99,34,9,42,66,8,50,66,44,33,64,58,78,75,31,18,26
284,284,87,91,21,25,70,44,83,60,25,26,73,34,43,48,7,52,52
285,285,57,90,72,31,70,45,8,40,6,95,91,51,50,31,4,10,13
286,286,26,72,33,94,31,38,63,77,64,31,0,28,42,1,67,82,27
287,287,11,48,91,58,85,60,79,34,33,76,37,43,54,53,80,56,79
288,288,9,86,26,25,31,96,91,96,78,11,57,88,71,66,32,34,62
289,289,77,55,53,83,90,71,58,60,38,86,64,8,38,72,49,20,94
290,290,82,37,68,93,50,16,13,42,96,12,81,69,56,74,90,92,57
291,291,66,52,21,88,16,99,53,25,15,38,31,21,48,33,6,47,36
292,292,40,64,70,78,34,61,93,48,23,79,87,58,61,88,4,50,86
293,293,40,15,59,2,39,27,58,24,15,30,76,32,65,54,27,40,27
294,294,4,28,73,36,79,98,21,1,96,34,59,39,95,90,29,14,41
295,295,72,98,13,6,10,24,87,44,26,47,47,53,84,88,92,70,52
296,296,36,52,50,58,13,53,10,42,89,31,64,35,83,77,58,23,2
297,297,23,10,15,49,88,98,41,86,58,25,10,54,83,59,55,39,81
298,298,46,52,73,56,97,6,39,21,67,49,56,21,62,84,79,50,75
299,299,17,57,81,4,96,38,76,36,24,65,9,72,89,96,33,64,11
300,300,88,0,14,42,81,18,16,21,39,71,14,91,3,79,18,22,54
301,301,32,82,12,94,71,58,61,93,38,58,83,22,81,90,9,33,51
302,302,43,97,88,10,19,81,63,28,95,19,96,44,39,49,50,16,91
303,303,45,22,80,47,55,86,81,90,69,78,15,44,34,61,15,34,48
304,304,16,62,70,93,35,0,24,99,62,20,1,32,33,49,24,41,19
305,305,36,79,46,64,97,25,57,79,42,51,98,30,92,23,12,28,95
306,306,48,75,91,32,87,19,93,2,65,13,35,99,11,20,100,11,28
307,307,25,68,58,22,94,81,44,52,78,99,2,51,83,78,94,14,82
308,308,99,81,61,61,84,7,76,26,51,86,59,85,47,87,27,20,89
309,309,94,99,16,39,33,38,95,65,45,61,67,99,9,26,51,16,54
310,310,77,46,81,71,76,61,23,16,49,23,79,29,0,22,3,96,63
311,311,37,41,90,98,32,57,39,22,17,16,40,36,14,70,37,49,30
312,312,20,88,86,58,98,54,96,21,14,6,53,13,85,94,41,37,77
313,313,76,38,29,17,21,19,34,31,4,82,6,63,16,66,21,80,7
314,314,9,80,74,65,36,70,76,42,47,9,94,88,55,93,83,96,5
315,315,48,63,42,74,36,78,19,27,30,19,39,75,75,39,19,39,85
316,316,52,26,69,11,95,69,42,63,82,63,83,61,39,66,69,45,95
317,317,78,74,9,49,37,49,86,35,76,93,98,29,61,63,76,15,50
318,318,89,10,86,77,28,32,67,23,60,63,92,81,77,19,60,88,90
319,319,86,77,55,55,4,32,47,42,22,65,19,51,37,43,71,67,75
320,320,1,28,4,43,38,25,25,87,14,66,22,35,49,30,83,78,4
321,321,81,46,60,24,10,62,82,55,12,91,4,37,74,51,10,74,51
322,322,11,56,96,55,24,10,40,44,81,50,94,25,43,10,72,50,72
323,323,33,93,69,59,15,26,26,39,89,15,1,89,62,68,68,98,86
324,324,12,39,28,43,54,5,38,45,14,40,15,68,86,70,20,95,43
325,325,61,90,85,8,2,48,49,98,78,7,59,53,96,90,89,93,68
326,326,49,53,6,89,21,67,94,19,98,19,88,63,45,27,63,9,24
327,327,23,7,76,99,24,67,90,83,13,45,4,76,11,56,60,8,10
328,328,26,2,73,55,36,74,1,69,96,34,96,75,5,51,20,35,91
329,329,1,8,19,60,85,56,86,75,3,59,53,27,99,91,22,10,53
330,330,41,53,8,87,66,23,17,36,56,76,11,59,23,42,86,26,54
331,331,94,36,1,89,40,63,82,50,50,17,46,50,97,45,92,44,2
332,332,3,49,56,69,81,9,46,63,74,56,88,94,72,67,91,97,31
333,333,9,28,11,87,84,58,59,68,80,31,54,35,74,95,96,50,8
334,334,23,92,28,84,91,69,43,10,43,13,20,14,47,19,61,55,51
335,335,31,88,98,12,35,21,51,35,41,26,21,52,13,17,70,85,70
336,336,35,95,67,78,7,56,81,58,78,35,24,84,27,2,10,49,46
337,337,50,2,35,53,40,58,81,34,75,94,52,0,75,89,81,56,86
338,338,31,67,14,32,40,95,3,8,11,2,55,47,20,33,98,19,28
339,339,81,76,43,78,56,5,73,98,79,8,31,45,74,4,32,64,86
340,340,21,91,85,78,1,59,71,97,60,60,29,94,66,7,9,59,2
341,341,42,27,89,76,98,26,89,44,4,21,75,96,24,46,96,26,36
342,342,22,6,93,100,57,79,61,20,38,13,36,38,16,67,82,94,11
343,343,82,62,42,22,26,51,23,85,91,54,86,74,97,16,55,44,42
344,344,28,28,76,63,72,87,84,80,28,27,99,21,59,49,17,74,17
345,345,32,65,65,5,42,90,76,17,98,30,66,81,43,66,9,77,16
346,346,10,25,28,30,88,100,76,25,12,29,54,49,48,89,84,13,80
347,347,53,36,57,20,94,56,96,48,42,59,95,49,3,44,1,69,79
348,348,5,68,67,83,1,53,67,5,89,33,33,45,75,52,76,2,27
349,349,51,18,20,91,9,85,62,96,26,26,64,100,9,22,63,85,54
350,350,81,44,57,87,81,80,50,76,92,75,60,13,24,68,14,13,2
351,351,24,30,96,21,90,49,18,2,16,84,52,31,87,39,89,45,10
352,352,15,91,27,59,81,16,69,3,3,88,17,7,59,32,13,24,9
353,353,53,64,23,85,61,96,66,67,7,61,96,85,63,58,4,37,2
354,354,25,10,77,44,61,6,35,18,56,28,65,41,95,63,79,58,55
355,355,45,36,90,47,55,93,17,16,11,51,39,82,23,47,37,24,15
356,356,2,22,38,49,81,23,75,67,88,43,5,43,59,88,80,70,91
357,357,28,88,95,95,5,48,51,11,89,68,51,51,42,52,32,9,10
358,358,3,68,89,54,79,12,66,98,63,86,66,25,31,25,26,56,85
359,359,71,25,12,19,86,58,57,33,27,85,58,60,26,97,16,39,75
360,360,80,43,84,85,5,71,35,41,86,43,5,69,36,25,1,72,35
361,361,19,24,25,1,54,0,73,20,20,43,50,91,34,85,8,87,68
362,362,12,23,61,50,63,78,1,74,28,19,40,40,9,100,49,90,17
363,363,90,43,50,79,30,51,54,43,79,32,17,37,41,41,13,26,66
364,364,80,61,40,64,99,40,3,83,72,84,11,13,69,95,40,66,36
365,365,65,18,65,27,82,81,57,87,65,91,53,63,31,75,31,22,72
366,366,57,44,63,80,66,83,81,13,81,53,73,11,8,40,20,25,1
367,367,29,60,11,32,61,64,95,94,41,91,83,79,48,36,5,59,99
368,368,51,14,28,70,88,97,21,88,45,97,33,81,62,45,47,89,88
369,369,30,27,84,24,60,16,11,4,9,47,29,42,20,93,52,30,34
370,370,13,51,27,42,9,23,49,75,29,49,23,46,47,69,10,89,37
371,371,2,43,39,64,37,62,77,35,39,68,72,80,70,15,95,4,6
372,372,79,58,78,95,75,99,85,24,34,48,20,57,46,11,37,96,86
373,373,21,99,85,28,16,15,9,89,77,95,80,91,98,2,64,5,78
374,374,53,75,61,16,91,50,24,87,91,61,55,7,34,93,59,99,55
375,375,61,9,37,16,52,10,94,51,19,43,4,29,38,62,51,86,31
376,376,53,47,47,38,71,38,12,10,67,43,90,79,36,33,70,44,25
377,377,60,74,81,24,92,15,32,19,71,6,16,89,68,16,13,23,58
378,378,29,76,77,98,82,68,100,78,28,34,34,56,18,16,47,82,17
379,379,40,65,85,90,93,92,92,84,91,42,44,56,44,19,21,57,46
380,380,23,20,21,57,9,98,56,99,87,49,16,36,86,1,56,5,67
381,381,95,14,33,29,24,50,7,21,61,31,98,3,49,77,35,1,92
382,382,42,98,49,86,95,16,6,12,98,68,40,30,21,21,88,45,33
383,383,98,77,82,96,34,24,48,66,22,81,91,23,47,25,83,76,43
384,384,64,94,75,66,67,55,96,57,53,9,89,56,8,88,90,8,59
385,385,27,42,84,23,81,33,98,42,87,5,7,51,42,54,91,1,84
386,386,75,87,94,55,29,27,37,86,59,85,50,22,93,98,67,60,92
387,387,67,76,29,38,75,39,71,0,13,31,97,16,45,0,63,18,0
388,388,60,6,46,65,30,43,92,79,46,61,36,17,19,76,48,10,90
389,389,63,48,51,19,99,99,90,6,75,85,74,88,12,72,61,47,2
390,390,60,23,64,41,38,61,80,23,37,72,96,3,42,84,88,53,29
391,391,59,8,2,92,51,59,98,59,13,34,22,28,87,92,44,16,46
392,392,59,92,44,49,62,8,43,57,66,17,72,98,32,17,100,95,91
393,393,96,9,92,97,32,5,76,65,34,9,53,38,18,57,72,94,59
394,394,62,18,49,36,61,32,4,69,72,87,80,36,23,55,40,65,48
395,395,96,84,74,1,69,79,66,88,22,35,4,29,10,26,88,35,52
396,396,69,59,59,40,100,94,98,19,73,47,92,35,68,83,94,47,7
397,397,69,77,60,36,14,6,73,68,67,80,74,80,48,48,83,6,37
398,398,79,36,95,16,34,63,70,95,92,47,1,91,83,99,54,85,58
399,399,69,89,54,58,30,44,34,5,86,53,10,50,47,64,72,69,2
400,400,51,74,10,3,38,64,72,75,79,57,82,19,42,9,94,86,98
401,401,38,30,24,91,97,75,94,80,33,68,46,86,35,37,16,45,41
402,402,30,50,75,73,74,87,99,42,3,34,72,91,49,91,62,29,84
403,403,0,42,89,31,45,95,38,60,89,82,16,17,96,36,37,9,73
404,404,13,12,13,90,25,3,29,55,51,67,77,17,59,46,44,2,77
405,405,8,2,64,89,60,36,86,76,80,95,62,31,31,92,35,91,84
406,406,34,64,51,92,25,17,98,18,40,68,78,86,94,94,3,18,42
407,407,66,65,98,92,43,78,5,30,5,33,11,97,48,49,82,95,40
408,408,9,37,75,16,9,33,11,1,7,16,93,2,94,99,28,43,27
409,409,28,41,88,85,72,67,82,52,3,9,9,38,72,51,70,22,8
410,410,100,43,28,93,0,72,69,96,77,30,18,54,78,100,94,91,89
411,411,74,40,68,47,99,61,82,22,36,27,48,19,2,37,87,27,18
412,412,75,55,67,50,55,92,96,98,4,67,2,62,38,83,93,61,90
413,413,47,18,92,42,36,40,66,42,21,81,16,12,78,94,62,41,50
414,414,83,37,7,73,89,33,81,53,14,15,56,22,30,67,36,93,43
415,415,59,11,23,63,92,36,23,99,82,11,39,4,92,10,73,91,88
416,416,96,39,77,85,69,32,93,91,70,76,18,32,44,5,27,85,16
417,417,15,95,74,94,12,72,38,30,25,71,60,47,87,60,3,23,52
418,418,60,0,37,26,91,82,25,39,78,39,97,1,19,88,47,86,47
419,419,94,5,72,92,10,52,51,20,57,94,88,60,16,23,73,86,32
420,420,76,6,65,29,3,78,40,79,69,64,61,39,77,67,23,26,32
421,421,82,91,27,22,68,34,83,45,72,12,56,62,88,37,95,55,85
422,422,46,29,50,39,18,23,3,14,1,95,61,76,45,22,98,76,62
423,423,27,95,70,31,9,50,18,8,24,54,19,68,9,37,37,15,50
424,424,55,3,90,100,62,61,76,76,39,25,2,87,11,44,79,98,35
425,425,10,55,17,65,69,30,10,7,46,81,54,1,20,31,45,86,12
426,426,7,62,81,86,30,83,78,41,67,47,41,41,27,83,58,68,8
427,427,15,32,61,89,51,6,2,16,58,81,18,4,61,2,29,31,58
428,428,61,20,73,89,93,65,52,91,32,88,80,77,99,36,69,53,90
429,429,58,37,32,4,84,70,13,48,29,55,88,84,31,26,14,27,7
430,430,36,18,38,48,21,83,26,87,52,36,86,17,47,54,32,6,34
431,431,1,60,65,8,90,82,4,75,95,26,52,16,26,49,82,92,19
432,432,57,76,81,15,20,48,21,8,9,28,4,33,55,29,73,89,40
433,433,36,83,60,0,86,43,12,54,84,50,72,17,54,95,63,52,83
434,434,49,79,82,32,84,48,44,63,40,80,24,43,46,83,9,21,26
435,435,49,58,72,94,58,6,58,24,59,62,2,32,75,32,59,18,75
436,436,43,50,65,60,76,28,68,5,80,41,99,15,30,97,48,25,51
437,437,23,85,64,86,95,36,19,55,31,68,96,33,27,24,67,89,51
438,438,92,94,21,47,13,43,88,42,55,92,39,96,89,80,11,1,45
439,439,77,20,61,28,28,88,1,55,66,18,35,81,21,28,30,3,20
440,440,32,9,61,27,99,50,30,41,81,34,74,17,9,16,50,70,36
441,441,13,85,48,21,64,90,15,97,84,34,9,8,23,16,94,50,16
442,442,67,5,74,8,44,90,30,17,94,23,19,88,94,75,72,84,39
443,443,12,53,21,43,5,98,96,41,20,80,71,73,34,80,16,8,53
444,444,90,38,31,79,73,36,47,16,27,93,57,83,3,37,49,21,16
445,445,68,90,78,8,73,92,18,76,91,51,71,57,12,29,61,56,39
446,446,72,40,14,58,69,4,48,0,46,47,6,92,88,97,1,87,81
447,447,88,21,81,41,90,37,86,77,56,75,5,50,26,95,41,86,66
448,448,77,52,3,24,53,70,86,53,64,94,99,42,58,54,12,9,18
449,449,24,64,47,96,72,57,71,91,11,85,98,80,75,79,62,57,9
450,450,71,47,53,8,60,56,77,24,24,48,61,48,49,87,46,2,97
451,451,17,13,56,62,84,13,13,36,45,51,35,57,50,68,66,37,51
452,452,57,8,74,26,25,58,20,3,94,15,13,41,70,94,25,32,1
453,453,29,96,78,86,17,75,20,82,41,12,67,24,51,82,69,86,54
454,454,73,97,82,91,19,33,10,57,82,91,58,30,55,78,2,73,92
455,455,32,95,48,25,89,97,99,40,21,60,65,53,59,68,21,22,39
456,456,47,95,52,78,12,84,63,69,64,77,98,23,87,92,28,77,95
457,457,29,73,76,14,94,8,75,84,24,25,37,85,63,46,57,89,25
458,458,62,66,1,35,54,19,97,40,54,72,97,33,81,60,33,97,74
459,459,12,28,28,72,63,96,91,100,82,99,79,61,91,53,7,59,74
460,460,28,23,21,83,15,58,81,99,46,47,18,79,71,3,24,76,3
461,461,65,59,95,86,57,4,51,59,43,12,35,38,62,69,31,55,22
462,462,57,3,21,41,81,51,75,69,83,5,73,41,5,74,48,59,65
463,463,8,40,75,18,38,44,92,70,15,55,98,95,94,62,56,66,46
464,464,9,45,49,96,73,67,95,74,82,80,16,32,15,13,71,15,5
465,465,22,49,48,85,45,51,27,33,13,30,74,52,66,63,37,25,26
466,466,55,59,16,25,40,88,69,14,100,61,96,5,74,22,36,35,26
467,467,57,13,1,7,53,47,75,19,93,20,70,7,21,93,57,91,21
468,468,26,29,99,39,85,63,99,19,2,30,80,8,93,9,25,70,49
469,469,58,64,96,9,30,75,25,91,9,13,98,39,88,23,12,8,58
470,470,31,95,27,27,83,72,39,58,43,13,11,77,72,29,96,35,61
471,471,79,95,89,71,82,25,6,37,84,9,84,78,39,22,66,74,93
472,472,60,24,90,9,78,88,16,80,33,92,14,30,5,87,40,44,5
473,473,20,95,85,54,25,81,43,99,37,62,67,50,92,89,15,33,21
474,474,57,96,8,19,90,75,34,67,47,27,35,15,20,25,28,95,64
475,475,55,39,99,73,51,90,8,74,24,85,74,25,33,38,25,50,95
476,476,56,55,38,52,4,62,73,52,56,53,94,18,9,30,15,76,22
477,477,26,56,37,85,4,7,11,67,49,28,72,36,2,67,33,59,63
478,478,43,78,63,96,54,19,72,88,10,89,26,28,40,28,66,98,32
479,479,11,21,0,41,50,92,55,60,31,47,31,64,44,20,42,79,90
480,480,6,19,47,17,16,50,100,99,7,78,87,13,31,78,41,23,76
481,481,100,29,86,80,93,99,58,91,32,93,8,49,83,39,57,40,64
482,482,42,1,23,72,23,77,40,69,6,24,51,46,69,92,77,87,95
483,483,32,58,50,22,74,18,52,74,82,70,91,49,24,8,85,72,79
484,484,69,70,3,70,48,63,13,46,80,56,83,70,78,31,15,28,95
485,485,21,63,25,75,72,48,98,59,29,12,96,47,89,3,83,87,77
486,486,51,29,40,37,24,86,94,99,82,73,14,52,4,10,56,67,50
487,487,74,49,24,71,77,43,16,15,7,6,74,27,50,60,51,16,21
488,488,66,7,31,54,44,9,23,57,14,78,59,21,45,79,88,41,22
489,489,93,47,20,70,4,89,67,39,58,31,66,12,55,13,18,79,64
490,490,12,6,69,43,69,39,81,91,66,86,45,57,6,69,74,89,6
491,491,48,66,25,47,44,83,35,87,56,23,33,29,14,63,81,81,50
492,492,29,27,37,4,61,91,57,75,39,35,4,48,11,41,18,14,30
493,493,9,64,98,9,73,54,14,87,26,62,0,95,42,93,80,82,28
494,494,36,92,52,18,69,64,79,89,42,86,86,64,59,83,78,10,5
495,495,66,9,48,86,96,46,90,30,68,35,99,52,29,78,80,35,90
496,496,79,30,81,14,8,27,25,69,73,32,73,4,73,44,97,90,31
497,497,66,79,73,53,57,40,86,87,49,54,77,2,4,25,56,89,87
498,498,11,84,34,83,5,44,43,0,38,85,11,50,60,79,47,19,16
499,499,24,89,94,31,92,27,18,2,48,90,43,1,10,15,99,95,56
500,500,27,14,17,82,38,99,36,75,52,2,35,66,64,16,43,73,85
501,501,51,80,19,13,79,54,68,18,95,37,24,81,46,83,93,45,1
502,502,93,84,22,43,27,4,11,30,43,47,67,60,84,83,89,57,72
503,503,48,97,71,83,95,5,69,6,18,27,59,12,5,66,17,16,2
504,504,20,12,84,7,3,30,48,89,34,66,55,89,52,86,5,82,33
505,505,81,14,35,99,29,18,53,60,2,59,76,32,46,76,45,29,33
506,506,26,26,43,39,53,3,49,26,60,98,30,59,1,33,95,67,89
507,507,59,86,70,6,98,70,5,61,18,22,10,7,12,62,10,33,34
508,508,51,80,21,59,57,41,15,54,47,78,4,76,81,79,40,36,57
509,509,77,40,92,14,68,1,65,18,20,14,12,69,59,38,18,56,29
510,510,18,29,13,62,1,90,63,50,64,26,80,25,5,62,68,53,35
511,511,7,67,42,16,80,94,35,8,82,50,44,19,85,84,57,51,32
512,512,87,12,45,34,62,89,37,49,8,8,90,1,88,26,35,34,90
513,513,44,34,32,32,63,90,59,64,94,21,43,81,95,25,12,46,37
514,514,56,65,68,20,0,67,21,21,82,37,64,10,90,40,90,41,97
515,515,98,86,95,41,47,50,32,30,54,38,6,37,74,68,21,78,51
516,516,87,55,63,33,46,88,48,6,66,3,91,71,10,84,8,15,40
517,517,36,44,74,83,14,27,34,21,38,11,99,32,79,76,93,98,82
518,518,6,53,3,91,74,67,38,94,92,90,44,42,41,17,80,47,24
519,519,1,31,46,29,59,46,24,48,17,55,53,52,87,64,6,42,82
520,520,78,38,99,23,58,37,15,33,66,54,57,79,73,36,69,84,6
521,521,73,63,32,77,50,90,55,46,86,10,35,37,31,70,38,60,74
522,522,48,11,50,14,58,14,11,17,38,56,44,11,37,80,61,21,96
523,523,61,5,41,22,55,90,86,8,2,26,91,15,64,33,38,19,29
524,524,14,20,19,85,33,8,22,40,23,76,54,5,29,21,33,8,8
525,525,44,8,64,78,47,21,34,92,37,50,95,39,24,18,76,34,67
526,526,49,54,97,79,72,81,2,15,99,25,99,14,18,56,18,76,90
527,527,25,64,68,56,6,80,67,82,50,65,23,6,43,28,99,54,39
528,528,92,43,21,92,59,10,51,40,7,16,14,16,29,59,20,49,7
529,529,59,24,50,77,87,3,19,24,33,35,90,50,74,15,94,38,66
530,530,25,34,40,55,44,25,94,50,10,75,80,23,79,75,33,49,7
531,531,4,71,57,54,95,44,58,35,7,98,47,30,16,42,98,9,61
532,532,95,97,12,47,76,48,2,2,59,3,8,99,98,21,54,19,25
533,533,4,80,98,85,13,43,70,61,9,74,2,87,44,31,62,68,55
534,534,100,96,58,30,88,49,63,12,95,84,92,98,6,50,33,29,24
535,535,56,64,50,53,53,40,7,40,83,72,60,67,55,14,63,96,87
536,536,27,74,42,57,32,9,59,22,57,82,32,84,59,15,85,82,45
537,537,58,42,48,46,39,88,63,57,28,6,82,33,83,13,3,4,68
538,538,23,55,81,85,40,66,59,53,52,34,92,98,64,26,63,78,42
539,539,57,81,71,35,58,73,85,37,65,72,58,3,58,51,52,60,9
540,540,82,54,60,62,25,73,98,33,75,84,82,74,75,91,76,33,33
541,541,39,0,19,42,43,64,15,55,24,72,33,26,70,88,14,39,18
542,542,37,20,73,63,46,96,78,15,47,97,24,17,1,35,16,27,56
543,543,10,5,67,90,45,86,28,6,95,55,31,19,12,46,92,2,52
544,544,68,50,6,95,88,64,53,16,94,88,12,79,98,46,83,16,64
545,545,39,77,24,50,74,65,0,52,19,42,61,25,41,20,43,84,48
546,546,28,67,82,65,5,96,77,9,54,52,30,3,9,42,41,54,22
547,547,70,12,22,41,62,30,69,87,13,89,31,56,87,22,98,14,35
548,548,8,75,77,4,96,4,8,29,12,84,93,71,13,60,48,99,45
549,549,6,7,89,26,29,92,93,53,27,56,12,11,36,80,20,34,38
550,550,47,5,70,92,90,95,69,54,29,68,66,63,89,64,10,11,56
551,551,74,40,3,49,95,42,81,53,76,46,30,97,14,30,87,73,79
552,552,7,34,3,60,12,63,65,46,43,100,97,16,48,31,79,14,73
553,553,1,66,45,82,0,8,41,9,67,49,68,91,1,51,83,70,17
554,554,23,68,71,40,63,92,51,62,44,85,81,40,22,1,55,56,31
555,555,87,53,85,89,10,81,61,21,91,76,93,86,11,0,68,36,75
556,556,6,66,24,57,19,20,98,76,84,68,83,50,74,16,18,59,42
557,557,60,56,45,15,79,81,36,27,65,56,16,53,87,68,22,43,83
558,558,36,49,53,6,79,22,79,10,24,56,85,21,68,12,58,69,13
559,559,94,13,39,93,0,24,48,96,88,20,81,20,40,90,49,55,3
560,560,76,27,29,57,89,82,48,67,52,69,35,55,60,76,12,98,95
561,561,23,27,88,63,16,85,77,4,97,99,80,28,83,85,35,71,20
562,562,77,42,20,64,64,23,98,12,46,79,62,97,34,55,87,78,59
563,563,79,59,60,46,53,32,14,98,85,33,69,88,39,83,54,19,53
564,564,17,67,46,89,66,97,49,56,50,66,67,95,56,69,72,11,75
565,565,33,44,30,10,68,10,12,31,55,90,91,15,58,87,48,75,32
566,566,11,33,5,99,33,37,31,20,35,28,68,66,89,45,82,96,54
567,567,37,46,33,86,85,3,70,77,20,26,10,37,81,43,54,64,20
568,568,3,4,95,27,98,78,14,50,100,15,21,95,34,79,38,65,67
569,569,40,20,17,5,42,38,5,100,73,94,46,8,69,39,73,37,16
570,570,95,73,61,56,90,5,18,69,14,56,48,61,23,57,21,45,99
571,571,74,39,13,64,98,9,8,39,47,80,11,72,6,45,79,60,100
572,572,22,18,85,93,14,84,95,78,64,71,86,6,18,59,2,82,61
573,573,32,83,62,26,80,92,65,50,80,33,85,89,94,43,25,4,37
574,574,55,56,84,56,65,10,90,23,74,98,88,47,34,76,0,89,0
575,575,4,83,56,18,14,76,78,13,89,57,32,96,31,74,38,90,68
576,576,57,5,9,2,3,68,97,90,59,89,86,24,83,91,79,34,33
577,577,65,73,37,46,56,46,98,11,99,70,43,1,50,75,12,9,16
578,578,41,45,53,88,88,2,21,20,94,43,22,83,79,63,0,37,82
579,579,17,25,9,82,17,71,27,96,65,4,42,11,10,14,94,38,79
580,580,12,58,66,3,33,25,91,44,9,71,65,79,57,94,30,37,78
581,581,9,5,19,65,9,1,53,22,23,47,43,11,66,69,94,52,87
582,582,83,68,85,83,37,72,22,57,77,58,80,3,25,36,80,47,57
583,583,8,35,91,6,88,44,59,99,62,59,96,55,86,48,91,50,44
584,584,39,11,22,7,67,92,74,51,48,52,73,68,52,18,22,55,15
585,585,63,41,97,73,89,60,100,87,63,91,5,75,63,0,81,65,88
586,586,15,66,46,60,43,11,77,14,69,66,13,2,80,76,75,48,56
587,587,50,52,8,95,82,53,42,65,77,30,76,15,99,26,47,11,70
588,588,5,54,30,47,59,22,5,63,84,29,12,54,54,98,7,1,93
589,589,11,83,97,67,90,87,0,35,5,52,84,66,50,66,60,52,55
590,590,54,93,93,8,99,98,68,67,12,87,7,76,72,33,20,97,96
591,591,60,9,19,74,76,58,100,88,40,66,33,71,76,61,66,46,37
592,592,21,3,24,85,18,8,34,0,94,41,54,86,42,66,62,72,99
593,593,18,65,95,7,14,6,79,22,74,61,24,43,69,0,87,9,14
594,594,39,43,42,73,55,93,82,3,42,16,44,46,57,53,73,19,32
595,595,94,71,3,36,33,51,47,9,10,36,60,12,44,4,22,36,79
596,596,72,71,47,3,43,90,57,31,29,40,58,85,21,86,56,46,89
597,597,29,77,17,58,7,79,43,20,11,34,87,82,13,53,77,91,79
598,598,66,15,92,8,57,40,49,48,47,49,73,79,40,89,7,69,72
599,599,45,69,96,80,78,36,48,20,35,84,90,53,27,96,87,63,67
600,600,37,68,29,97,56,88,38,25,38,37,50,51,92,82,35,12,78
601,601,7,87,55,78,68,16,22,15,23,88,47,47,68,28,28,68,73
602,602,86,78,62,51,10,53,66,45,39,0,41,34,19,97,75,82,5
603,603,54,76,27,27,46,6,99,4,90,55,92,55,34,8,89,6,19
604,604,9,72,54,2,67,42,62,33,73,64,33,57,78,32,93,33,37
605,605,14,44,87,32,39,78,21,47,44,5,41,82,95,4,3,28,51
606,606,74,9,88,81,61,27,73,84,59,1,50,35,50,13,76,98,81
607,607,61,68,47,36,93,67,3,12,51,42,79,17,40,53,18,3,82
608,608,66,77,40,3,14,99,67,94,26,78,23,43,15,85,59,3,49
609,609,31,90,65,74,100,12,87,26,86,46,51,28,16,44,1,83,2
610,610,26,31,3,70,8,32,39,38,6,46,67,92,78,70,90,73,40
611,611,80,61,69,71,71,17,47,49,45,53,51,18,48,27,88,10,100
612,612,61,68,49,80,46,31,100,98,56,25,62,48,79,38,55,69,92
613,613,14,10,8,23,6,85,28,83,17,56,60,95,23,94,84,95,45
614,614,18,44,100,14,27,78,34,1,56,3,3,58,81,79,32,81,44
615,615,96,27,76,3,32,70,46,83,64,85,20,65,35,45,98,65,59
616,616,69,77,43,79,68,5,31,74,37,26,76,79,64,6,91,94,69
617,617,14,73,1,70,6,88,65,62,98,89,6,23,86,59,33,43,2
618,618,33,85,38,4,54,93,71,5,86,33,67,47,9,61,1,79,40
619,619,98,7,85,77,9,11,29,24,99,41,26,85,82,75,47,71,5
620,620,17,91,67,36,21,52,42,12,62,40,1,74,84,89,94,89,3
621,621,56,68,20,70,41,69,27,57,39,90,10,3,45,98,51,100,52
622,622,59,74,52,15,37,4,48,82,75,38,22,30,98,43,37,91,50
623,623,17,85,56,49,46,3,70,45,73,34,52,81,67,55,30,48,75
624,624,92,30,30,75,84,85,16,57,80,92,73,67,26,27,12,13,67
625,625,85,52,39,56,46,68,69,28,45,3,30,93,72,41,72,95,34
626,626,78,61,97,34,22,50,4,13,19,42,90,21,38,5,65,89,41
627,627,1,66,97,65,11,55,4,63,8,93,31,60,93,33,77,27,11
628,628,85,94,3,81,57,58,10,50,94,31,62,43,63,43,37,79,80
629,629,3,95,98,92,14,35,62,99,65,62,9,30,74,55,8,78,59
630,630,17,2,88,20,56,77,47,40,30,36,95,92,89,32,71,3,64
631,631,55,35,34,31,18,47,82,98,11,76,85,6,28,40,35,64,97
632,632,59,18,77,61,59,31,75,3,26,15,67,16,93,38,64,62,23
633,633,7,30,81,12,89,43,60,4,94,29,8,38,25,33,32,45,32
634,634,55,41,22,18,3,52,68,5,72,72,96,86,72,73,41,31,6
635,635,89,19,77,4,42,1,43,16,24,14,44,11,57,80,58,77,65
636,636,64,92,59,23,74,3,64,36,100,69,59,98,5,32,15,5,73
637,637,55,43,87,43,93,13,99,83,56,36,25,91,88,90,10,74,71
638,638,90,6,14,68,77,69,97,98,55,80,55,94,96,85,81,56,63
639,639,7,30,28,66,74,89,44,55,33,41,59,95,89,81,39,22,11
640,640,2,75,93,21,43,6,60,68,30,89,63,76,5,6,28,27,57
641,641,63,56,60,10,35,75,60,39,25,42,7,99,93,82,88,53,12
642,642,12,33,59,81,60,90,15,60,56,25,49,30,87,90,84,68,13
643,643,50,41,48,65,62,70,68,56,32,74,41,66,31,38,7,58,17
644,644,10,44,12,77,47,9,5,23,24,4,48,69,38,98,5,34,50
645,645,25,15,33,42,98,88,63,96,77,53,41,93,22,13,76,31,29
646,646,79,2,52,35,47,31,15,16,89,29,41,23,30,48,59,46,52
647,647,34,2,0,35,17,13,61,55,14,87,48,33,95,81,95,2,2
648,648,85,82,60,12,45,16,25,75,17,85,98,53,35,4,27,37,55
649,649,95,90,44,97,86,89,58,85,14,51,3,66,31,7,60,18,2
650,650,20,67,35,64,76,70,2,13,46,26,65,83,66,63,100,94,28
651,651,48,68,23,30,69,85,93,81,92,92,83,65,74,65,4,1,94
652,652,66,52,50,19,93,80,96,65,25,36,77,35,2,44,10,19,33
653,653,31,75,30,57,72,15,46,27,29,32,80,5,48,89,39,65,83
654,654,32,40,10,42,48,33,77,37,36,38,46,57,22,47,60,13,84
655,655,24,88,53,87,90,24,84,25,90,55,87,4,86,88,3,9,59
656,656,81,9,23,92,13,75,9,11,6,67,26,31,38,58,1,78,44
657,657,45,17,46,47,10,97,58,19,19,89,38,59,10,65,61,57,26
658,658,35,18,18,21,91,75,21,34,18,88,15,33,16,78,23,76,4
659,659,21,34,64,2,1,94,53,89,14,24,84,59,17,38,6,56,62
660,660,9,13,41,65,55,67,34,5,69,99,60,77,81,92,31,3,67
661,661,95,41,92,91,89,73,5,53,29,59,4,67,65,73,19,36,62
662,662,87,96,16,66,25,58,16,48,6,10,73,15,97,37,71,19,7
663,663,12,41,27,5,55,21,48,34,99,31,20,69,8,47,25,86,96
664,664,79,92,56,35,35,80,46,97,14,14,62,3,16,18,60,69,89
665,665,4,1,72,97,86,80,16,96,97,54,30,39,72,70,25,45,22
666,666,74,80,59,23,78,20,43,56,16,35,82,75,92,50,71,71,2
667,667,95,94,6,34,22,16,52,14,98,62,27,41,96,30,3,82,6
668,668,28,16,79,2,53,82,98,42,93,86,31,54,15,62,74,8,61
669,669,56,84,27,17,60,81,36,82,1,46,88,26,33,70,12,46,1
670,670,12,95,81,29,45,54,39,98,92,83,85,95,56,79,28,32,10
671,671,71,7,25,98,57,24,21,45,49,18,30,7,84,38,70,7,73
672,672,91,74,38,79,11,56,6,67,28,69,82,1,3,30,21,83,73
673,673,15,37,90,8,5,58,96,16,38,31,36,10,84,91,94,79,56
674,674,84,17,92,72,2,42,29,64,85,23,64,71,47,30,27,2,95
675,675,11,84,41,17,60,70,59,9,12,1,61,40,20,81,28,32,20
676,676,18,88,94,41,81,99,61,90,89,73,11,19,55,23,16,47,10
677,677,57,40,60,69,5,7,59,1,93,6,96,73,96,88,22,90,32
678,678,90,84,4,96,81,22,17,13,83,75,41,51,69,47,26,9,63
679,679,69,97,38,48,27,4,13,67,62,35,84,56,65,28,49,87,40
680,680,8,50,97,18,68,72,21,51,18,87,11,16,71,91,3,47,28
681,681,35,63,77,69,95,69,6,23,66,73,16,93,96,75,1,75,86
682,682,75,49,81,33,54,13,53,56,98,53,61,50,5,54,92,52,31
683,683,47,11,42,73,29,76,60,73,78,36,64,12,34,9,45,81,99
684,684,78,34,27,94,77,17,24,55,78,64,86,38,33,99,48,97,67
685,685,85,6,63,92,45,41,71,50,76,97,94,9,71,52,70,74,75
686,686,31,77,40,20,95,19,15,85,70,21,50,90,81,99,3,15,32
687,687,14,26,70,98,82,12,46,84,34,39,8,0,31,11,10,11,99
688,688,14,94,15,3,84,16,64,29,56,88,30,2,6,79,6,61,38
689,689,19,4,76,20,50,25,66,71,96,80,86,14,71,90,25,52,2
690,690,94,46,54,93,20,17,97,97,30,87,85,46,3,58,65,25,9
691,691,98,97,23,75,16,35,31,58,29,27,33,13,47,40,50,34,1
692,692,86,2,86,5,59,71,30,33,45,42,31,71,78,66,27,69,39
693,693,99,41,30,58,41,4,14,25,44,62,72,12,54,83,8,93,86
694,694,100,57,61,68,69,51,11,90,14,24,24,13,84,61,20,49,59
695,695,38,47,72,1,9,42,62,6,64,45,15,90,34,54,60,56,74
696,696,86,59,16,20,26,10,83,18,2,21,23,19,81,98,26,52,61
697,697,98,56,86,83,52,5,96,34,89,80,93,86,36,32,14,77,43
698,698,14,16,75,62,51,80,98,87,86,1,43,46,51,99,89,17,81
699,699,72,16,36,54,0,48,7,24,17,97,37,8,36,54,49,28,77
700,700,76,34,76,35,0,74,50,14,8,29,93,81,18,95,70,53,81
701,701,12,64,21,20,53,37,55,20,87,87,91,40,9,30,15,77,9
702,702,11,61,30,54,78,46,17,42,29,28,15,11,39,69,3,41,95
703,703,53,43,68,41,19,40,54,75,69,0,7,9,75,23,36,43,53
704,704,7,37,69,6,7,89,16,71,49,73,22,16,35,65,96,17,89
705,705,69,24,20,13,1,36,12,90,34,54,26,76,9,32,31,96,86
706,706,63,19,25,87,20,89,55,45,52,94,11,93,6,40,0,79,75
707,707,28,76,72,96,20,74,90,38,86,82,91,78,70,86,47,25,90
708,708,10,51,69,84,18,49,38,60,21,9,68,32,24,16,3,53,22
709,709,17,89,34,71,17,72,51,66,27,97,32,5,27,35,17,44,21
710,710,29,38,99,50,68,12,35,2,99,30,56,3,27,27,88,79,93
711,711,54,92,37,66,20,12,10,88,40,9,33,92,32,70,36,10,78
712,712,6,47,83,19,22,24,17,43,49,35,86,7,58,45,19,57,52
713,713,68,50,49,26,58,9,71,15,64,48,34,3,58,77,6,27,18
714,714,61,69,67,76,31,67,44,36,9,7,32,90,34,52,78,94,78
715,715,53,1,51,52,57,52,55,43,48,34,74,73,42,44,28,91,30
716,716,26,58,7,36,69,23,29,91,96,37,45,97,10,57,87,88,45
717,717,49,56,3,14,64,95,42,1,18,18,68,52,50,68,24,19,89
718,718,40,10,15,52,64,51,3,44,53,90,78,5,55,88,39,58,86
719,719,26,32,34,5,75,90,37,10,88,66,67,17,53,15,61,5,64
720,720,84,71,64,51,16,81,82,95,79,88,100,47,33,4,55,87,43
721,721,14,3,81,76,26,71,60,62,19,10,16,28,27,49,81,32,3
722,722,41,17,13,35,69,55,4,4,96,36,6,72,98,20,12,89,90
723,723,59,7,6,54,39,84,76,32,94,9,84,10,52,14,49,69,95
724,724,78,79,80,9,80,98,48,90,6,61,39,58,10,87,94,33,79
725,725,96,75,13,56,43,84,94,65,57,61,53,33,78,24,54,38,82
726,726,87,90,90,99,9,46,86,47,30,96,24,36,69,68,8,12,16
727,727,20,84,14,22,4,39,44,78,48,5,76,68,64,74,56,33,74
728,728,11,31,19,53,23,1,58,89,0,56,24,53,73,30,59,46,47
729,729,23,32,20,29,29,71,81,4,70,56,71,5,91,63,37,85,65
730,730,41,61,62,50,9,90,20,15,49,71,68,33,14,64,77,8,34
731,731,90,54,40,65,5,26,13,61,37,57,72,16,64,52,61,24,55
732,732,99,59,3,16,50,50,14,40,7,87,14,1,43,46,75,77,38
733,733,64,20,76,96,72,54,21,84,72,79,32,26,33,83,69,63,53
734,734,58,13,37,65,26,26,31,62,76,55,23,34,31,27,12,67,92
735,735,7,31,61,51,97,87,9,80,11,91,95,92,6,67,79,92,85
736,736,54,99,38,12,67,45,66,85,33,54,3,38,27,9,66,63,85
737,737,28,73,86,16,64,43,15,15,72,27,38,67,30,5,67,97,43
738,738,27,92,96,41,7,88,96,94,56,75,69,29,17,97,77,99,35
739,739,87,21,61,18,27,39,12,31,69,61,10,50,20,25,67,30,20
740,740,2,91,46,21,73,50,61,40,12,18,52,44,15,82,59,46,76
741,741,8,29,29,69,71,78,29,4,100,44,75,39,46,19,52,33,97
742,742,73,89,38,78,35,49,4,48,13,42,66,47,60,28,70,59,10
743,743,47,18,67,79,34,74,26,41,18,48,39,92,99,76,26,78,20
744,744,97,69,34,31,31,8,71,54,15,23,85,45,96,92,74,34,17
745,745,9,5,70,32,68,37,23,6,60,52,77,7,55,13,67,3,33
746,746,44,15,33,17,41,48,74,93,51,17,77,30,35,5,36,9,35
747,747,91,39,88,91,33,16,24,14,18,66,5,53,9,80,39,40,68
748,748,35,88,11,36,20,74,67,94,22,22,85,15,24,28,77,55,53
749,749,52,24,29,45,3,89,91,46,17,63,35,78,26,75,37,18,71
750,750,12,21,10,4,12,89,45,70,22,84,84,60,67,12,38,32,78
751,751,40,9,50,47,71,21,5,95,7,37,25,94,65,5,33,83,93
752,752,56,56,4,43,99,61,84,66,63,84,93,94,68,75,93,24,21
753,753,1,30,44,25,5,93,65,91,4,95,61,32,17,55,63,34,78
754,754,6,96,66,20,78,15,35,65,69,3,99,27,45,72,28,5,54
755,755,31,43,98,56,70,4,80,97,8,20,11,54,18,38,96,3,67
756,756,46,79,37,78,44,45,86,34,37,23,75,92,98,72,82,14,35
757,757,72,71,7,15,97,72,48,37,79,25,72,31,14,57,78,70,62
758,758,83,78,2,41,0,88,46,27,61,94,28,78,37,89,62,14,67
759,759,83,78,70,67,95,70,61,95,15,78,80,54,27,43,39,92,74
760,760,96,93,66,3,51,27,78,46,24,90,1,5,55,63,3,92,73
761,761,97,66,89,68,90,88,43,76,12,64,83,82,11,57,79,66,51
762,762,22,93,12,35,76,1,98,99,92,84,84,74,19,47,84,91,87
763,763,10,22,47,52,59,1,70,45,90,21,95,57,51,39,99,94,48
764,764,11,81,52,7,75,67,51,3,42,46,58,8,70,93,51,36,33
765,765,20,22,83,19,5,22,53,89,77,33,26,38,32,69,11,54,31
766,766,2,61,51,28,57,62,21,38,53,6,16,37,61,0,4,64,50
767,767,34,11,4,65,95,94,71,23,76,41,94,69,98,80,12,69,48
768,768,31,7,1,18,79,51,85,95,90,71,74,43,83,90,53,21,0
769,769,79,88,16,58,14,44,54,67,68,12,12,51,94,96,45,59,3
770,770,5,53,80,13,89,81,95,55,39,95,94,66,57,61,67,43,64
771,771,79,84,68,32,67,94,63,16,57,95,97,91,3,9,9,47,92
772,772,64,56,55,28,93,74,52,16,86,26,23,39,53,30,8,27,73
773,773,51,55,36,46,55,34,96,77,15,69,91,67,13,63,62,81,91
774,774,85,25,8,41,93,64,36,20,9,70,1,42,48,95,73,78,43
775,775,35,23,4,53,96,50,33,17,45,69,48,16,11,42,44,12,79
776,776,88,76,89,84,91,23,96,67,67,77,68,45,34,93,1,85,92
777,777,19,15,13,12,85,11,28,55,85,33,23,82,16,78,16,57,12
778,778,81,81,45,87,46,17,21,44,48,49,23,2,79,78,28,80,2
779,779,83,13,84,72,44,17,68,99,85,47,34,78,47,19,12,54,7
780,780,89,40,90,53,87,83,76,73,49,92,82,3,49,9,81,53,39
781,781,71,65,7,71,43,15,34,19,53,4,99,94,30,34,58,62,12
782,782,79,11,76,61,15,73,12,97,5,11,94,91,69,92,63,32,56
783,783,21,13,51,64,49,40,24,64,97,21,22,35,22,8,28,71,92
784,784,97,93,70,37,52,73,57,52,68,30,55,91,75,36,14,92,35
785,785,59,9,94,12,33,44,62,14,54,74,15,99,18,19,12,5,78
786,786,55,79,43,34,53,63,100,27,98,37,49,38,2,19,62,77,33
787,787,44,45,93,48,19,42,35,63,51,7,11,17,58,56,72,97,66
788,788,62,53,93,39,71,52,99,28,5,5,5,82,92,32,0,36,63
789,789,38,0,95,85,35,60,25,95,6,51,4,53,36,82,73,82,41
790,790,28,58,48,85,54,87,3,13,21,25,23,26,17,83,31,89,45
791,791,77,92,32,15,10,62,75,34,34,43,89,89,21,42,23,73,28
792,792,38,76,16,86,63,36,38,89,15,33,66,40,32,78,35,76,82
793,793,35,90,30,75,95,72,7,38,64,79,61,42,47,24,71,56,16
794,794,65,79,44,47,3,25,73,12,88,34,44,85,32,63,18,45,41
795,795,8,61,96,85,37,31,74,22,1,18,34,20,63,26,6,72,49
796,796,83,42,45,40,61,62,95,20,98,42,70,88,83,65,39,40,69
797,797,76,11,20,74,43,5,5,61,25,46,21,54,53,61,93,13,38
798,798,5,34,3,56,74,68,25,64,74,39,86,29,30,8,47,55,48
799,799,73,56,78,37,51,92,65,23,27,59,59,68,60,65,12,55,41
800,800,92,77,79,65,98,69,46,81,43,38,60,58,23,19,41,95,78
801,801,82,16,18,17,60,65,11,49,55,38,48,85,58,4,36,68,68
802,802,30,33,32,56,76,51,95,34,61,45,27,35,70,96,74,22,96
803,803,53,43,55,0,21,18,92,22,80,34,27,39,23,36,94,5,63
804,804,45,52,11,53,53,76,65,55,76,96,24,41,88,61,23,6,78
805,805,100,37,7,98,42,97,2,60,32,60,31,69,58,42,84,80,5
806,806,46,35,45,92,44,5,94,82,93,55,73,7,76,13,78,58,8
807,807,48,20,93,19,3,62,13,10,37,43,80,18,6,38,15,77,65
808,808,36,38,65,99,5,41,75,43,66,95,64,74,10,5,27,49,59
809,809,7,67,38,76,73,34,57,76,35,60,72,88,35,99,61,37,30
810,810,60,16,13,32,52,76,7,80,70,97,61,80,6,7,24,15,53
811,811,13,83,23,8,41,42,99,83,82,49,41,37,67,12,66,58,67
812,812,50,52,86,11,55,98,20,48,66,57,3,15,67,97,59,22,95
813,813,8,52,26,57,11,74,90,97,44,5,22,58,64,94,52,97,45
814,814,52,44,12,39,54,58,93,82,72,29,3,66,5,88,9,82,11
815,815,94,57,38,14,72,65,87,75,71,63,17,15,14,82,56,50,66
816,816,12,36,54,46,89,39,77,53,29,67,82,11,16,34,44,82,16
817,817,99,33,80,94,74,94,34,16,57,8,50,46,35,69,13,25,95
818,818,98,30,11,88,12,60,3,80,71,94,90,65,67,92,58,59,95
819,819,90,37,71,78,77,45,84,76,29,31,63,86,52,47,1,48,62
820,820,98,68,23,10,43,71,15,83,10,30,16,75,92,64,11,66,62
821,821,18,33,72,31,34,78,45,29,60,30,78,30,79,79,11,48,43
822,822,68,58,85,31,83,60,64,71,62,68,31,51,2,30,33,76,41
823,823,97,93,65,87,50,51,82,69,49,45,33,97,49,87,66,22,22
824,824,46,75,79,69,70,38,72,1,91,95,5,73,95,43,96,19,65
825,825,38,68,89,69,4,65,4,35,95,15,60,52,82,58,4,28,81
826,826,33,66,18,50,97,61,51,2,47,16,36,46,54,79,79,35,46
827,827,66,80,33,26,27,23,7,24,90,92,29,37,83,64,3,56,100
828,828,30,98,70,32,95,44,70,62,10,38,50,16,95,15,19,27,58
829,829,98,16,17,13,92,34,86,48,71,62,51,85,1,30,97,7,21
830,830,27,75,1,50,99,65,81,11,42,10,49,20,96,42,95,74,57
831,831,42,21,7,10,12,34,41,72,78,27,100,5,41,42,9,50,13
832,832,6,16,19,21,59,43,95,5,23,15,92,75,96,96,87,97,97
833,833,87,53,46,24,14,77,92,93,32,80,41,49,0,92,99,32,90
834,834,96,66,7,58,32,52,44,77,47,24,94,42,10,67,70,62,95
835,835,86,38,21,69,59,54,95,38,60,37,76,71,33,95,70,3,63
836,836,75,10,23,19,94,21,56,27,44,5,13,46,86,48,40,29,90
837,837,16,43,27,24,52,77,13,61,25,41,0,18,60,76,99,64,42
838,838,14,16,73,19,84,26,82,100,48,75,47,70,30,24,47,47,39
839,839,81,25,63,53,65,42,9,95,97,73,62,22,29,28,86,40,32
840,840,38,49,9,30,29,86,60,25,13,3,53,24,92,78,55,55,21
841,841,18,80,24,61,39,25,56,58,89,88,86,37,74,54,77,72,75
842,842,2,23,19,27,26,29,64,91,59,21,85,83,16,67,35,58,84
843,843,38,62,63,45,98,34,42,4,38,97,5,62,66,90,51,98,1
844,844,9,27,33,61,38,65,93,42,13,91,67,21,64,77,99,22,56
845,845,37,85,25,52,23,80,43,50,12,87,37,61,5,94,44,60,6
846,846,87,2,96,58,14,36,98,28,13,30,97,61,52,97,28,28,25
847,847,56,17,62,6,22,30,91,90,76,93,79,25,54,51,89,42,63
848,848,90,72,74,66,27,24,84,90,64,70,91,35,21,79,45,11,87
849,849,22,36,87,12,36,87,22,15,69,44,40,65,40,70,46,34,86
850,850,12,90,44,76,9,19,4,36,20,62,92,47,24,29,62,95,35
851,851,19,34,33,98,87,55,21,93,81,58,15,55,44,72,77,58,34
852,852,65,85,1,33,18,58,17,96,55,34,37,76,52,92,86,49,1
853,853,60,81,38,21,51,46,80,20,94,52,65,57,74,42,52,76,57
854,854,28,16,99,1,40,99,100,11,19,44,74,20,20,24,35,18,48
855,855,92,21,28,57,17,73,32,83,93,82,40,10,2,27,9,33,68
856,856,44,90,93,60,89,35,56,73,26,70,83,25,43,39,51,10,19
857,857,58,29,20,69,90,15,12,24,29,95,74,16,70,30,47,7,29
858,858,66,90,62,84,48,20,91,61,57,49,45,40,39,85,6,49,21
859,859,98,88,19,36,2,89,87,81,28,44,15,34,74,24,24,32,46
860,860,90,72,17,25,99,74,88,44,52,84,71,45,93,74,73,1,81
861,861,66,90,5,4,68,1,56,38,16,77,34,29,89,25,68,80,92
862,862,21,86,29,87,82,94,71,54,22,85,3,38,95,66,42,24,11
863,863,10,12,98,76,98,1,51,86,2,79,33,99,91,66,99,97,69
864,864,23,56,41,51,7,38,80,16,78,44,81,86,55,50,72,0,27
865,865,24,82,77,2,95,96,67,95,54,68,42,49,41,55,37,66,44
866,866,7,81,55,2,77,52,97,88,40,98,51,32,90,40,28,53,61
867,867,24,91,16,78,77,9,2,33,45,23,89,44,53,78,7,0,57
868,868,5,66,75,18,54,38,90,90,5,61,44,52,57,26,93,63,38
869,869,5,52,66,79,86,72,51,17,88,61,94,31,57,89,62,67,48
870,870,6,69,73,15,33,25,34,87,12,34,59,14,60,97,23,77,81
871,871,82,55,18,60,4,2,99,97,57,8,66,95,24,81,72,71,24
872,872,46,75,15,21,98,81,75,88,79,64,91,36,83,76,74,40,90
873,873,45,0,73,9,7,18,11,35,80,23,96,80,88,23,34,17,42
874,874,42,13,47,11,51,59,90,95,8,66,64,71,87,42,22,52,0
875,875,99,21,28,9,55,3,6,23,4,99,63,82,54,44,82,23,31
876,876,58,7,29,14,39,91,98,6,63,95,38,36,4,4,82,50,25
877,877,78,0,56,26,65,15,74,3,40,92,51,8,20,70,23,43,18
878,878,34,26,64,91,91,99,75,37,84,37,59,51,24,95,22,93,81
879,879,62,83,83,49,77,42,68,61,84,38,89,74,36,21,3,49,81
880,880,66,23,29,22,63,94,84,23,60,21,7,48,74,29,21,60,7
881,881,94,72,68,88,5,20,32,24,25,87,82,60,53,43,76,61,89
882,882,74,79,11,9,44,51,97,74,34,81,57,21,92,9,35,67,16
883,883,15,46,27,7,90,79,20,45,65,81,39,15,22,97,2,66,75
884,884,55,34,3,43,24,51,58,51,56,28,90,21,41,52,51,56,14
885,885,22,66,58,59,56,65,42,88,30,36,55,52,82,32,67,14,30
886,886,75,32,18,27,27,16,66,12,20,49,43,36,92,90,80,54,38
887,887,91,76,70,96,29,49,26,100,24,15,87,24,87,90,36,42,32
888,888,46,55,96,57,22,15,89,17,73,28,27,79,8,66,51,82,96
889,889,100,76,65,38,59,22,84,25,89,55,83,21,80,23,39,52,14
890,890,88,78,41,45,59,94,77,70,57,65,21,68,87,42,38,15,37
891,891,86,25,9,22,27,99,88,1,20,57,36,10,13,11,42,91,20
892,892,89,58,87,74,74,9,76,72,99,74,49,59,66,77,5,59,31
893,893,85,88,23,28,99,38,75,92,68,18,2,25,87,47,51,52,5
894,894,43,26,14,30,1,46,86,37,46,59,89,67,44,63,4,82,84
895,895,1,63,2,80,26,58,26,48,88,86,2,78,67,8,17,21,55
896,896,96,55,55,4,41,7,40,2,25,85,14,96,92,47,0,52,19
897,897,84,97,94,84,86,15,23,34,2,85,46,89,92,76,74,69,91
898,898,89,87,19,20,66,97,89,100,99,3,50,70,68,36,57,64,82
899,899,39,71,66,19,97,83,42,94,7,44,52,47,56,80,57,62,13
900,900,89,18,53,72,76,64,25,6,73,54,2,95,66,4,40,3,74
901,901,53,34,5,38,61,40,40,93,96,33,27,41,14,8,62,3,8
902,902,23,73,71,99,26,32,43,59,71,9,15,62,95,34,33,4,75
903,903,77,50,57,67,21,10,29,22,30,58,62,58,14,21,40,17,77
904,904,69,72,78,35,81,23,54,96,33,30,75,95,11,85,13,84,24
905,905,23,98,22,4,89,5,39,57,22,79,9,47,80,35,35,35,59
906,906,31,36,75,2,17,35,22,57,40,23,34,29,1,35,76,20,29
907,907,10,95,2,29,62,9,95,36,48,31,93,12,29,62,76,63,14
908,908,78,67,1,16,23,82,34,46,100,76,51,3,55,45,64,66,24
909,909,66,82,44,71,16,74,76,42,5,18,71,86,8,65,85,14,62
910,910,81,45,47,36,43,89,55,71,93,72,45,36,28,72,90,65,28
911,911,68,56,67,65,12,73,73,1,72,84,99,19,88,83,12,59,28
912,912,46,65,39,31,9,17,8,73,34,91,52,59,32,5,9,48,19
913,913,39,67,44,30,48,85,6,18,4,76,47,97,71,18,52,19,97
914,914,16,11,31,98,65,21,67,40,42,35,97,62,71,53,91,28,57
915,915,74,73,31,69,40,96,86,63,52,93,78,71,72,21,92,11,56
916,916,56,89,1,82,96,57,58,92,78,97,11,3,25,83,31,44,89
917,917,85,65,87,26,62,44,57,13,67,63,60,94,39,77,72,11,84
918,918,3,52,21,37,17,87,77,54,33,24,53,96,95,23,75,80,5
919,919,89,99,28,47,28,74,66,46,57,69,51,61,11,46,58,0,26
920,920,28,80,82,59,5,33,39,90,86,87,23,99,90,87,45,65,69
921,921,55,85,3,1,20,90,48,7,33,37,47,35,13,97,94,49,71
922,922,67,19,7,12,93,19,97,42,71,34,65,95,17,66,97,44,31
923,923,21,23,12,99,3,87,60,39,89,85,29,26,46,79,24,71,10
924,924,93,26,49,1,31,58,36,24,7,30,16,54,5,40,68,78,0
925,925,75,1,68,55,64,17,62,61,46,74,6,24,87,48,77,27,25
926,926,33,15,99,99,65,87,91,32,34,20,100,99,66,6,71,54,8
927,927,5,87,89,92,47,33,91,7,55,97,96,81,100,83,36,18,21
928,928,42,63,24,45,31,20,33,99,42,95,2,68,78,33,41,37,73
929,929,66,17,20,12,67,44,9,38,85,36,35,61,4,96,28,96,63
930,930,84,9,32,89,85,93,19,76,44,17,0,70,6,21,74,92,84
931,931,73,94,40,48,100,68,17,56,18,67,11,69,64,17,81,52,44
932,932,97,20,34,15,84,8,74,85,44,91,97,38,11,30,45,30,40
933,933,56,92,20,60,10,78,1,89,23,82,9,58,2,45,91,28,98
934,934,18,11,11,23,71,44,83,36,93,10,43,74,70,65,88,90,69
935,935,83,35,34,90,73,42,39,58,80,76,91,4,84,70,67,28,56
936,936,45,69,27,71,76,31,97,54,39,18,92,42,10,3,33,43,27
937,937,55,5,98,91,83,53,52,9,56,98,86,89,3,29,99,48,38
938,938,96,44,80,12,74,44,37,29,40,76,46,93,4,29,99,88,71
939,939,96,37,40,50,54,37,54,57,21,93,74,95,77,80,40,90,69
940,940,68,22,13,61,85,1,25,89,33,91,7,21,80,8,83,40,89
941,941,68,56,80,59,4,76,67,68,56,14,9,50,25,96,39,63,60
942,942,75,45,80,34,69,78,70,94,69,67,56,61,85,56,46,30,0
943,943,46,1,77,98,45,42,19,75,72,79,82,49,29,25,55,43,66
944,944,77,11,16,23,57,17,90,41,5,79,40,63,50,30,4,42,98
945,945,37,61,20,65,74,38,43,75,52,93,64,26,32,64,18,23,19
946,946,2,31,66,22,75,35,50,9,73,67,94,81,0,87,98,80,17
947,947,9,91,94,23,12,81,98,30,38,77,66,38,73,19,97,39,42
948,948,24,2,1,34,28,74,86,33,0,14,6,61,80,66,75,72,84
949,949,61,37,50,22,34,45,4,75,34,81,34,77,17,61,62,16,29
950,950,78,67,74,99,11,14,1,20,33,81,21,93,59,76,96,40,42
951,951,80,49,44,90,88,96,4,88,34,44,10,26,97,97,30,46,7
952,952,80,31,42,89,85,53,82,96,89,29,85,27,97,7,8,59,82
953,953,83,23,39,44,59,23,3,16,23,18,78,83,31,76,58,33,16
954,954,83,85,24,38,64,46,83,53,76,82,40,9,20,25,79,69,79
955,955,74,33,70,4,77,45,51,70,42,21,72,40,0,32,70,53,65
956,956,44,4,21,42,63,37,2,55,70,97,14,95,95,100,37,51,69
957,957,54,98,28,35,18,9,3,36,60,95,25,84,6,84,55,7,98
958,958,52,62,25,62,93,89,37,75,93,51,99,99,16,35,17,68,58
959,959,87,41,21,83,96,18,13,80,7,65,48,15,14,90,58,92,44
960,960,26,6,97,11,59,34,1,16,34,10,95,22,1,28,87,74,70
961,961,60,100,54,34,8,14,8,54,51,81,73,51,33,63,7,59,10
962,962,50,92,31,1,90,6,37,38,2,88,62,61,33,77,74,24,11
963,963,95,27,70,67,54,35,58,12,19,74,17,4,63,71,50,92,15
964,964,100,70,64,9,95,9,8,9,32,59,74,86,57,2,100,86,31
965,965,41,90,49,81,41,48,16,52,97,74,57,83,59,56,14,3,85
966,966,99,88,47,98,5,79,14,64,78,19,46,69,6,36,69,84,12
967,967,85,52,43,34,83,60,89,29,71,29,74,8,43,2,36,80,11
968,968,91,11,52,45,42,28,36,34,93,17,29,4,70,88,27,86,18
969,969,44,76,56,64,4,84,85,38,20,61,42,46,68,91,66,47,70
970,970,7,100,41,0,57,65,12,86,76,31,41,53,87,61,47,8,45
971,971,4,61,48,57,74,89,35,51,84,91,59,62,87,80,35,7,14
972,972,12,80,8,88,96,76,87,22,2,36,4,70,97,26,15,3,14
973,973,92,68,33,94,43,98,94,74,1,86,1,60,99,86,65,93,92
974,974,24,99,31,43,86,87,73,94,17,24,92,69,53,20,91,65,87
975,975,62,41,54,47,86,64,10,62,25,18,69,87,50,5,46,72,25
976,976,10,5,80,50,93,31,32,17,16,40,47,27,36,85,68,32,77
977,977,75,97,89,99,41,90,53,71,91,60,68,100,79,27,10,96,100
978,978,72,62,69,51,52,52,89,3,0,41,99,75,12,59,98,89,34
979,979,34,47,5,94,40,75,32,24,99,75,97,86,37,49,82,17,8
980,980,42,94,51,87,11,95,64,8,73,25,94,9,49,80,39,14,36
981,981,95,65,2,73,65,84,86,70,64,98,24,83,43,71,82,94,19
982,982,23,73,91,23,37,5,88,98,34,15,8,43,73,86,8,24,2
983,983,30,27,37,53,1,99,17,41,14,37,80,42,96,22,15,4,10
984,984,19,32,72,95,20,92,3,88,29,27,28,40,38,60,71,86,97
985,985,99,85,94,97,7,17,50,39,2,41,65,1,62,3,70,58,13
986,986,98,60,20,86,59,75,53,63,75,93,38,93,24,5,88,98,53
987,987,64,93,44,55,43,42,26,17,76,7,36,16,19,4,12,7,9
988,988,14,55,32,91,52,9,83,11,13,38,89,10,58,69,55,14,25
989,989,87,12,52,78,41,11,11,23,85,62,42,10,24,90,59,67,80
990,990,8,73,34,67,65,86,46,97,29,55,87,94,90,47,11,70,8
991,991,17,12,17,32,6,49,54,48,18,99,53,51,68,91,22,23,66
992,992,65,64,79,33,82,92,17,18,1,76,94,85,66,91,83,69,50
993,993,51,91,17,71,58,59,32,34,61,73,41,61,1,87,52,96,34
994,994,99,46,43,31,87,23,14,9,54,28,90,31,70,16,56,41,82
995,995,61,26,37,16,60,50,50,37,30,9,35,52,65,17,93,53,99
996,996,80,66,46,1,7,35,2,43,8,28,23,55,1,17,43,56,47
997,997,87,78,38,3,63,66,41,86,35,98,83,4,42,60,37,68,57
998,998,33,8,65,83,51,73,35,23,74,43,45,100,2,47,82,84,69
999,999,65,3,13,42,76,23,65,35,3,47,41,3,27,59,65,91,87
